{"loss": 0.16491492092609406, "_runtime": 61, "_timestamp": 1641468311, "_step": 69, "validation_accuracy": 0.9599999785423279, "gradients/fc3.bias": {"_type": "histogram", "values": [1.0, 0.0, 0.0, 0.0, 0.0, 0.0, 0.0, 0.0, 0.0, 0.0, 0.0, 0.0, 0.0, 0.0, 0.0, 0.0, 0.0, 0.0, 0.0, 1.0, 0.0, 0.0, 0.0, 0.0, 0.0, 0.0, 0.0, 0.0, 0.0, 0.0, 0.0, 1.0, 4.0, 0.0, 0.0, 0.0, 0.0, 2.0, 0.0, 0.0, 0.0, 0.0, 0.0, 0.0, 0.0, 0.0, 0.0, 0.0, 0.0, 0.0, 0.0, 0.0, 0.0, 0.0, 0.0, 0.0, 0.0, 0.0, 0.0, 0.0, 0.0, 0.0, 0.0, 1.0], "bins": [-0.005518120713531971, -0.005345574580132961, -0.005173028446733952, -0.005000482313334942, -0.0048279366455972195, -0.00465539051219821, -0.0044828443787992, -0.00431029824540019, -0.004137752112001181, -0.003965205978602171, -0.003792660078033805, -0.003620113944634795, -0.0034475678112357855, -0.0032750219106674194, -0.0031024757772684097, -0.0029299296438694, -0.002757383743301034, -0.0025848376099020243, -0.0024122917093336582, -0.0022397455759346485, -0.002067199442535639, -0.001894653425551951, -0.001722107408568263, -0.0015495612751692533, -0.0013770153746008873, -0.0012044693576171994, -0.0010319232242181897, -0.0008593772072345018, -0.000686831132043153, -0.0005142850568518043, -0.0003417390398681164, -0.00016919290646910667, 3.3532269299030304e-06, 0.0001758992875693366, 0.00034844534820877016, 0.0005209913942962885, 0.0006935374694876373, 0.0008660835446789861, 0.001038629561662674, 0.0012111756950616837, 0.0013837218284606934, 0.0015562678454443812, 0.001728813978843391, 0.0019013599958270788, 0.0020739061292260885, 0.0022464520297944546, 0.0024189981631934643, 0.002591544296592474, 0.00276409019716084, 0.0029366363305598497, 0.003109182231128216, 0.0032817283645272255, 0.003454274497926235, 0.003626820631325245, 0.003799366531893611, 0.003971912898123264, 0.004144458565860987, 0.004317004699259996, 0.004489550832659006, 0.0046620965003967285, 0.004834642633795738, 0.005007188767194748, 0.005179734900593758, 0.005352281033992767, 0.005524827167391777]}, "gradients/fc3.weight": {"_type": "histogram", "values": [1.0, 0.0, 0.0, 0.0, 1.0, 0.0, 0.0, 0.0, 0.0, 1.0, 0.0, 1.0, 0.0, 2.0, 0.0, 1.0, 1.0, 2.0, 1.0, 0.0, 2.0, 2.0, 4.0, 6.0, 3.0, 3.0, 2.0, 3.0, 8.0, 5.0, 2.0, 11.0, 9.0, 5.0, 17.0, 48.0, 540.0, 61.0, 36.0, 9.0, 7.0, 4.0, 2.0, 4.0, 3.0, 4.0, 0.0, 2.0, 4.0, 3.0, 4.0, 3.0, 2.0, 2.0, 1.0, 1.0, 1.0, 1.0, 1.0, 2.0, 0.0, 0.0, 1.0, 1.0], "bins": [-0.033666811883449554, -0.03274064138531685, -0.031814467161893845, -0.03088829666376114, -0.029962124302983284, -0.02903595194220543, -0.028109781444072723, -0.02718360908329487, -0.026257436722517014, -0.02533126436173916, -0.024405092000961304, -0.023478921502828598, -0.022552749142050743, -0.021626576781272888, -0.020700406283140182, -0.019774233922362328, -0.018848061561584473, -0.017921889200806618, -0.016995716840028763, -0.016069546341896057, -0.015143373981118202, -0.014217201620340347, -0.013291030190885067, -0.012364858761429787, -0.011438686400651932, -0.010512514039874077, -0.009586342610418797, -0.008660171180963516, -0.007733998820185661, -0.006807826925069094, -0.005881655029952526, -0.0049554831348359585, -0.004029311239719391, -0.0031031393446028233, -0.0021769674494862556, -0.001250795554369688, -0.0003246236592531204, 0.0006015482358634472, 0.0015277201309800148, 0.0024538920260965824, 0.00338006392121315, 0.004306235816329718, 0.005232407711446285, 0.006158579606562853, 0.0070847515016794205, 0.008010923862457275, 0.008937095291912556, 0.009863266721367836, 0.010789439082145691, 0.011715611442923546, 0.012641782872378826, 0.013567954301834106, 0.014494126662611961, 0.015420299023389816, 0.016346469521522522, 0.017272641882300377, 0.018198814243078232, 0.019124986603856087, 0.02005115896463394, 0.020977329462766647, 0.021903501823544502, 0.022829674184322357, 0.023755844682455063, 0.024682017043232918, 0.025608189404010773]}, "gradients/fc2.bias": {"_type": "histogram", "values": [1.0, 0.0, 0.0, 0.0, 2.0, 0.0, 0.0, 0.0, 0.0, 0.0, 1.0, 0.0, 0.0, 1.0, 1.0, 0.0, 1.0, 0.0, 1.0, 0.0, 0.0, 1.0, 2.0, 1.0, 1.0, 2.0, 3.0, 0.0, 2.0, 3.0, 7.0, 4.0, 14.0, 7.0, 1.0, 4.0, 7.0, 1.0, 4.0, 0.0, 2.0, 0.0, 0.0, 1.0, 1.0, 0.0, 1.0, 0.0, 0.0, 0.0, 2.0, 0.0, 1.0, 0.0, 0.0, 1.0, 0.0, 0.0, 0.0, 1.0, 1.0, 0.0, 0.0, 1.0], "bins": [-0.003430582582950592, -0.003326421370729804, -0.0032222603913396597, -0.0031180991791188717, -0.0030139379668980837, -0.0029097767546772957, -0.0028056157752871513, -0.0027014545630663633, -0.0025972933508455753, -0.0024931321386247873, -0.002388971159234643, -0.002284809947013855, -0.002180648734793067, -0.002076487522572279, -0.0019723265431821346, -0.0018681653309613466, -0.0017640043515712023, -0.001659843255765736, -0.001555682043544948, -0.001451520947739482, -0.001347359735518694, -0.0012431986397132277, -0.0011390375439077616, -0.0010348763316869736, -0.0009307153522968292, -0.0008265541982837021, -0.000722393044270575, -0.0006182319484651089, -0.0005140707944519818, -0.0004099096404388547, -0.0003057485446333885, -0.00020158739062026143, -9.742612019181252e-05, 6.735019269399345e-06, 0.0001108961587306112, 0.00021505728363990784, 0.0003192184376530349, 0.000423379591666162, 0.0005275406874716282, 0.0006317018414847553, 0.0007358631119132042, 0.0008400242659263313, 0.0009441854199394584, 0.0010483465157449245, 0.0011525077279657125, 0.0012566688237711787, 0.001360829919576645, 0.001464991131797433, 0.0015691521111875772, 0.0016733132069930434, 0.0017774744192138314, 0.0018816355150192976, 0.0019857967272400856, 0.00208995770663023, 0.002194118918851018, 0.002298280131071806, 0.0024024411104619503, 0.0025066023226827383, 0.0026107633020728827, 0.0027149245142936707, 0.0028190857265144587, 0.0029232469387352467, 0.003027407918125391, 0.003131569130346179, 0.003235730342566967]}, "gradients/fc2.weight": {"_type": "histogram", "values": [1.0, 0.0, 1.0, 1.0, 2.0, 0.0, 1.0, 3.0, 2.0, 2.0, 3.0, 2.0, 2.0, 6.0, 4.0, 8.0, 7.0, 9.0, 13.0, 17.0, 17.0, 21.0, 28.0, 37.0, 34.0, 51.0, 83.0, 92.0, 161.0, 237.0, 440.0, 1623.0, 5608.0, 628.0, 312.0, 162.0, 89.0, 76.0, 60.0, 48.0, 36.0, 20.0, 30.0, 18.0, 18.0, 11.0, 13.0, 6.0, 8.0, 5.0, 6.0, 4.0, 0.0, 3.0, 3.0, 2.0, 0.0, 2.0, 1.0, 1.0, 0.0, 1.0, 0.0, 1.0], "bins": [-0.023889264091849327, -0.023147260770201683, -0.02240525744855404, -0.021663254126906395, -0.02092125080525875, -0.020179245620965958, -0.019437242299318314, -0.01869523897767067, -0.017953235656023026, -0.01721123233437538, -0.016469229012727737, -0.015727225691080093, -0.014985221438109875, -0.01424321811646223, -0.013501214794814587, -0.012759210541844368, -0.012017208151519299, -0.011275204829871655, -0.01053320150822401, -0.009791197255253792, -0.009049193933606148, -0.008307190611958504, -0.00756518729031086, -0.006823183503001928, -0.006081180647015572, -0.0053391773253679276, -0.004597173538058996, -0.003855170216411352, -0.0031131666619330645, -0.0023711631074547768, -0.0016291597858071327, -0.0008871559984982014, -0.00014515221118927002, 0.0005968512850813568, 0.0013388547813519835, 0.0020808582194149494, 0.002822861773893237, 0.003564865328371525, 0.004306868650019169, 0.0050488724373281, 0.0057908762246370316, 0.006532879546284676, 0.007274883333593607, 0.008016886189579964, 0.008758890442550182, 0.009500893764197826, 0.01024289708584547, 0.010984901338815689, 0.011726903729140759, 0.012468907050788403, 0.013210910372436047, 0.013952914625406265, 0.01469491794705391, 0.015436921268701553, 0.016178924590349197, 0.01692092791199684, 0.017662931233644485, 0.01840493455529213, 0.019146937876939774, 0.019888941198587418, 0.02063094452023506, 0.021372947841882706, 0.02211495116353035, 0.022856956347823143, 0.023598959669470787]}, "gradients/fc1.bias": {"_type": "histogram",