{"loss": 0.19233691692352295, "_runtime": 57, "_timestamp": 1641468227, "_step": 69, "validation_accuracy": 0.9675999879837036, "gradients/fc3.bias": {"_type": "histogram", "values": [1.0, 0.0, 0.0, 0.0, 0.0, 0.0, 0.0, 0.0, 0.0, 0.0, 0.0, 0.0, 0.0, 0.0, 0.0, 0.0, 1.0, 0.0, 0.0, 0.0, 0.0, 0.0, 0.0, 0.0, 0.0, 0.0, 0.0, 0.0, 0.0, 0.0, 0.0, 1.0, 0.0, 0.0, 2.0, 0.0, 1.0, 0.0, 1.0, 0.0, 0.0, 1.0, 1.0, 0.0, 0.0, 0.0, 0.0, 0.0, 0.0, 0.0, 0.0, 0.0, 0.0, 0.0, 0.0, 0.0, 0.0, 0.0, 0.0, 0.0, 0.0, 0.0, 0.0, 1.0], "bins": [-0.008183104917407036, -0.00794309563934803, -0.00770308542996645, -0.007463075686246157, -0.007223065942525864, -0.006983056198805571, -0.0067430464550852776, -0.0065030367113649845, -0.0062630269676446915, -0.006023017223924398, -0.005783007480204105, -0.005542997736483812, -0.005302987992763519, -0.005062978249043226, -0.004822968505322933, -0.00458295876160264, -0.004342949017882347, -0.004102939274162054, -0.003862929530441761, -0.003622919786721468, -0.003382910043001175, -0.003142900299280882, -0.002902890555560589, -0.002662880811840296, -0.0024228710681200027, -0.0021828613243997097, -0.0019428515806794167, -0.0017028418369591236, -0.0014628320932388306, -0.0012228223495185375, -0.0009828126057982445, -0.0007428028620779514, -0.0005027926526963711, -0.00026278290897607803, -2.277316525578499e-05, 0.00021723657846450806, 0.0004572463221848011, 0.0006972560659050941, 0.0009372658096253872, 0.0011772755533456802, 0.0014172852970659733, 0.0016572950407862663, 0.0018973047845065594, 0.0021373145282268524, 0.0023773242719471455, 0.0026173340156674385, 0.0028573437593877316, 0.0030973535031080246, 0.0033373632468283176, 0.0035773729905486107, 0.0038173827342689037, 0.004057392477989197, 0.00429740222170949, 0.004537411965429783, 0.004777421709150076, 0.005017431452870369, 0.005257441196590662, 0.005497450940310955, 0.005737460684031248, 0.005977470427751541, 0.006217480171471834, 0.006457489915192127, 0.00669749965891242, 0.006937509402632713, 0.007177519146353006]}, "gradients/fc3.weight": {"_type": "histogram", "values": [1.0, 0.0, 0.0, 0.0, 0.0, 1.0, 0.0, 0.0, 0.0, 1.0, 3.0, 0.0, 0.0, 3.0, 3.0, 2.0, 1.0, 0.0, 0.0, 3.0, 2.0, 2.0, 3.0, 2.0, 3.0, 8.0, 5.0, 3.0, 5.0, 12.0, 7.0, 13.0, 27.0, 494.0, 112.0, 44.0, 27.0, 14.0, 4.0, 3.0, 3.0, 2.0, 3.0, 1.0, 2.0, 3.0, 2.0, 2.0, 0.0, 0.0, 2.0, 5.0, 1.0, 0.0, 3.0, 0.0, 1.0, 0.0, 0.0, 1.0, 0.0, 0.0, 0.0, 1.0], "bins": [-0.059341032058000565, -0.05758140608668327, -0.05582178011536598, -0.05406215786933899, -0.0523025318980217, -0.05054290592670441, -0.048783279955387115, -0.047023653984069824, -0.04526403173804283, -0.04350440576672554, -0.04174477979540825, -0.039985157549381256, -0.038225531578063965, -0.036465905606746674, -0.03470627963542938, -0.03294665366411209, -0.03118702955543995, -0.029427403584122658, -0.027667779475450516, -0.025908153504133224, -0.024148529395461082, -0.02238890342414379, -0.02062927931547165, -0.018869653344154358, -0.017110027372837067, -0.01535040233284235, -0.013590777292847633, -0.011831151321530342, -0.0100715272128582, -0.008311901241540909, -0.006552276201546192, -0.0047926511615514755, -0.0030330270528793335, -0.001273401896469295, 0.00048622325994074345, 0.0022458485327661037, 0.00400547357276082, 0.005765099078416824, 0.007524724118411541, 0.009284349158406258, 0.0110439732670784, 0.012803598307073116, 0.014563223347067833, 0.016322849318385124, 0.018082473427057266, 0.019842099398374557, 0.02160172536969185, 0.02336134947836399, 0.025120975449681282, 0.026880601420998573, 0.028640225529670715, 0.030399851500988007, 0.0321594774723053, 0.03391910344362259, 0.03567872568964958, 0.03743835166096687, 0.039197977632284164, 0.040957603603601456, 0.04271722957491875, 0.04447685182094574, 0.04623647779226303, 0.04799610376358032, 0.049755729734897614, 0.051515355706214905, 0.0532749779522419]}, "gradients/fc2.bias": {"_type": "histogram", "values": [1.0, 0.0, 0.0, 0.0, 0.0, 0.0, 0.0, 0.0, 1.0, 0.0, 1.0, 1.0, 2.0, 1.0, 1.0, 0.0, 0.0, 1.0, 1.0, 1.0, 2.0, 2.0, 3.0, 0.0, 2.0, 1.0, 1.0, 3.0, 3.0, 5.0, 3.0, 20.0, 3.0, 5.0, 1.0, 2.0, 0.0, 0.0, 3.0, 0.0, 2.0, 1.0, 1.0, 2.0, 1.0, 0.0, 0.0, 1.0, 1.0, 1.0, 0.0, 0.0, 0.0, 0.0, 0.0, 0.0, 2.0, 0.0, 0.0, 1.0, 0.0, 0.0, 0.0, 1.0], "bins": [-0.0027198127936571836, -0.0026331243570894003, -0.0025464361533522606, -0.0024597477167844772, -0.002373059280216694, -0.0022863708436489105, -0.002199682639911771, -0.0021129942033439875, -0.0020263059996068478, -0.0019396176794543862, -0.0018529292428866029, -0.0017662409227341413, -0.001679552486166358, -0.0015928641660138965, -0.001506175845861435, -0.0014194874092936516, -0.0013327989727258682, -0.0012461106525734067, -0.0011594222160056233, -0.0010727338958531618, -0.0009860454592853785, -0.0008993571391329169, -0.0008126688189804554, -0.000725980440620333, -0.0006392921786755323, -0.0005526038003154099, -0.0004659154510591179, -0.00037922710180282593, -0.0002925387234427035, -0.00020585034508258104, -0.00011916202493011951, -3.247364656999707e-05, 5.42148482054472e-05, 0.0001409032120136544, 0.00022759157582186162, 0.0003142799250781536, 0.00040096830343827605, 0.0004876566817983985, 0.00057434500195086, 0.0006610333803109825, 0.0007477218750864267, 0.0008344102534465492, 0.0009210986318066716, 0.0010077869519591331, 0.0010944753885269165, 0.001181163708679378, 0.0012678520288318396, 0.001354540465399623, 0.0014412286691367626, 0.0015279169892892241, 0.0016146054258570075, 0.001701293746009469, 0.0017879821825772524, 0.001874670502729714, 0.0019613588228821754, 0.002048047259449959, 0.002134735696017742, 0.0022214241325855255, 0.002308112336322665, 0.0023948007728904486, 0.002481489209458232, 0.0025681774131953716, 0.002654865849763155, 0.0027415542863309383, 0.002828242490068078]}, "gradients/fc2.weight": {"_type": "histogram", "values": [1.0, 0.0, 0.0, 0.0, 0.0, 0.0, 0.0, 0.0, 3.0, 1.0, 3.0, 5.0, 1.0, 5.0, 3.0, 7.0, 11.0, 10.0, 13.0, 8.0, 18.0, 20.0, 35.0, 32.0, 45.0, 54.0, 73.0, 116.0, 155.0, 259.0, 789.0, 7286.0, 445.0, 205.0, 136.0, 79.0, 54.0, 43.0, 21.0, 20.0, 23.0, 20.0, 14.0, 8.0, 8.0, 9.0, 10.0, 4.0, 2.0, 4.0, 0.0, 5.0, 1.0, 6.0, 2.0, 2.0, 0.0, 2.0, 0.0, 1.0, 1.0, 0.0, 1.0, 1.0], "bins": [-0.020620565861463547, -0.01996222697198391, -0.019303886219859123, -0.018645547330379486, -0.01798720844089985, -0.017328867688775063, -0.016670528799295425, -0.01601218804717064, -0.015353849157691002, -0.01469550933688879, -0.014037170447409153, -0.013378830626606941, -0.01272049080580473, -0.012062150985002518, -0.01140381209552288, -0.010745472274720669, -0.010087133385241032, -0.00942879356443882, -0.008770454674959183, -0.008112114854156971, -0.007453775033354759, -0.006795435678213835, -0.00613709632307291, -0.0054787565022706985, -0.004820417612791061, -0.004162078257650137, -0.003503738436847925, -0.0028453990817070007, -0.0021870594937354326, -0.0015287199057638645, -0.0008703805506229401, -0.0002120407298207283, 0.00044629909098148346, 0.0011046386789530516, 0.0017629781505092978, 0.002421317622065544, 0.0030796572100371122, 0.0037379967980086803, 0.004396336153149605, 0.0050546759739518166, 0.005713015794754028, 0.006371355149894953, 0.0070296949706971645, 0.007688034325838089, 0.0083463741466403, 0.009004713967442513, 0.00966305285692215, 0.010321392677724361, 0.010979731567203999, 0.01163807138800621, 0.012296410277485847, 0.01295475009828806, 0.013613089919090271, 0.014271428808569908, 0.01492976862937212, 0.015588108450174332, 0.01624644733965397, 0.016904786229133606, 0.017563126981258392, 0.01822146587073803, 0.018879804760217667, 0.019538145512342453, 0.02019648440182209, 0.020854823291301727, 0.021513164043426514]}, "gradients/fc1.bias": {"_type": "histogram",