{"loss": 0.5155107975006104, "_runtime": 65, "_timestamp": 1641468536, "_step": 69, "validation_accuracy": 0.9355999827384949, "gradients/fc3.bias": {"_type": "histogram", "values": [1.0, 0.0, 0.0, 0.0, 0.0, 0.0, 0.0, 0.0, 0.0, 0.0, 0.0, 0.0, 0.0, 0.0, 0.0, 0.0, 0.0, 0.0, 0.0, 0.0, 0.0, 0.0, 0.0, 0.0, 0.0, 0.0, 0.0, 0.0, 0.0, 0.0, 0.0, 1.0, 0.0, 0.0, 0.0, 2.0, 3.0, 0.0, 0.0, 1.0, 0.0, 0.0, 0.0, 0.0, 1.0, 0.0, 0.0, 0.0, 0.0, 0.0, 0.0, 0.0, 0.0, 0.0, 0.0, 0.0, 0.0, 0.0, 0.0, 0.0, 0.0, 0.0, 0.0, 1.0], "bins": [-0.012174432165920734, -0.011835398152470589, -0.011496364139020443, -0.011157330125570297, -0.010818296112120152, -0.010479262098670006, -0.010140229016542435, -0.009801194071769714, -0.009462160989642143, -0.009123126976191998, -0.008784092962741852, -0.008445058949291706, -0.00810602493584156, -0.007766990922391415, -0.007427957374602556, -0.0070889233611524105, -0.0067498888820409775, -0.006410854868590832, -0.006071820855140686, -0.00573278684169054, -0.005393752828240395, -0.005054718814790249, -0.0047156852670013905, -0.004376651253551245, -0.004037617705762386, -0.0036985836923122406, -0.003359549678862095, -0.003020515898242593, -0.002681481884792447, -0.0023424478713423014, -0.0020034140907227993, -0.0016643800772726536, -0.0013253455981612206, -0.0009863115847110748, -0.0006472776876762509, -0.00030824379064142704, 3.079022280871868e-05, 0.0003698242362588644, 0.0007088580168783665, 0.0010478920303285122, 0.0013869265094399452, 0.001725960522890091, 0.0020649945363402367, 0.0024040283169597387, 0.0027430623304098845, 0.00308209634386003, 0.0034211301244795322, 0.003760164137929678, 0.004099197685718536, 0.004438231699168682, 0.004777265712618828, 0.0051162997260689735, 0.005455333739519119, 0.005794367752969265, 0.006133401300758123, 0.006472435314208269, 0.006811469327658415, 0.0071505033411085606, 0.007489537354558706, 0.007828570902347565, 0.00816760491579771, 0.008506638929247856, 0.008845672942698002, 0.009184706956148148, 0.009523740969598293]}, "gradients/fc3.weight": {"_type": "histogram", "values": [1.0, 0.0, 0.0, 0.0, 0.0, 0.0, 0.0, 0.0, 0.0, 0.0, 0.0, 0.0, 0.0, 0.0, 1.0, 0.0, 0.0, 0.0, 0.0, 0.0, 0.0, 0.0, 0.0, 0.0, 0.0, 0.0, 0.0, 0.0, 1.0, 1.0, 0.0, 0.0, 0.0, 3.0, 0.0, 814.0, 8.0, 2.0, 3.0, 0.0, 1.0, 1.0, 1.0, 0.0, 1.0, 1.0, 0.0, 0.0, 0.0, 0.0, 0.0, 0.0, 0.0, 0.0, 0.0, 0.0, 0.0, 0.0, 0.0, 0.0, 0.0, 0.0, 0.0, 1.0], "bins": [-0.18301177024841309, -0.1778956651687622, -0.17277956008911133, -0.16766346991062164, -0.16254736483097076, -0.15743125975131989, -0.152315154671669, -0.14719904959201813, -0.14208295941352844, -0.13696685433387756, -0.13185074925422668, -0.126734659075737, -0.12161855399608612, -0.11650244891643524, -0.11138634383678436, -0.10627023875713348, -0.1011541336774826, -0.09603802859783173, -0.09092193096876144, -0.08580582588911057, -0.08068972826004028, -0.0755736231803894, -0.07045751810073853, -0.06534141302108765, -0.060225315392017365, -0.055109214037656784, -0.049993112683296204, -0.044877007603645325, -0.039760906249284744, -0.034644804894924164, -0.029528701677918434, -0.024412598460912704, -0.01929648220539093, -0.014180379919707775, -0.00906427763402462, -0.003948175348341465, 0.00116792693734169, 0.0062840282917022705, 0.011400131508708, 0.01651623472571373, 0.02163233608007431, 0.02674843743443489, 0.03186453878879547, 0.03698064386844635, 0.04209674522280693, 0.04721284657716751, 0.05232895165681839, 0.05744505301117897, 0.06256115436553955, 0.06767725944519043, 0.07279335707426071, 0.07790946215391159, 0.08302555978298187, 0.08814166486263275, 0.09325776994228363, 0.09837387502193451, 0.10348997265100479, 0.10860607773065567, 0.11372217535972595, 0.11883828043937683, 0.12395438551902771, 0.1290704905986786, 0.13418658077716827, 0.13930268585681915, 0.14441879093647003]}, "gradients/fc2.bias": {"_type": "histogram", "values": [1.0, 0.0, 0.0, 0.0, 0.0, 0.0, 0.0, 0.0, 0.0, 0.0, 0.0, 0.0, 0.0, 0.0, 0.0, 0.0, 0.0, 0.0, 0.0, 0.0, 0.0, 0.0, 0.0, 0.0, 0.0, 0.0, 0.0, 0.0, 0.0, 0.0, 0.0, 1.0, 0.0, 0.0, 0.0, 9.0, 69.0, 2.0, 1.0, 0.0, 0.0, 0.0, 0.0, 0.0, 0.0, 0.0, 0.0, 0.0, 0.0, 0.0, 0.0, 0.0, 0.0, 0.0, 0.0, 0.0, 0.0, 0.0, 0.0, 0.0, 0.0, 0.0, 0.0, 1.0], "bins": [-0.0046688164584338665, -0.004539819899946451, -0.004410823341459036, -0.0042818267829716206, -0.004152830224484205, -0.00402383366599679, -0.0038948371075093746, -0.0037658405490219593, -0.003636843990534544, -0.0035078474320471287, -0.0033788508735597134, -0.003249854315072298, -0.0031208577565848827, -0.0029918611980974674, -0.002862864639610052, -0.002733868081122637, -0.002604871755465865, -0.00247587519697845, -0.0023468786384910345, -0.002217882080003619, -0.002088885521516204, -0.0019598889630287886, -0.001830892520956695, -0.0017018959624692798, -0.0015728995203971863, -0.001443902961909771, -0.0013149064034223557, -0.0011859098449349403, -0.001056913286447525, -0.0009279167861677706, -0.0007989202858880162, -0.0006699237274006009, -0.0005409272853285074, -0.0004119307268410921, -0.00028293419745750725, -0.0001539376680739224, -2.4941109586507082e-05, 0.00010405544890090823, 0.00023305194918066263, 0.00036204850766807795, 0.0004910451825708151, 0.0006200417410582304, 0.0007490382995456457, 0.0008780347998254001, 0.0010070314165204763, 0.0011360279750078917, 0.0012650244170799851, 0.0013940209755674005, 0.001523017417639494, 0.0016520139761269093, 0.0017810105346143246, 0.0019100070931017399, 0.002039003651589155, 0.0021680002100765705, 0.002296996768563986, 0.002425993327051401, 0.0025549898855388165, 0.0026839864440262318, 0.002812983002513647, 0.0029419795610010624, 0.0030709761194884777, 0.003199972677975893, 0.0033289692364633083, 0.0034579657949507236, 0.0035869621206074953]}, "gradients/fc2.weight": {"_type": "histogram", "values": [1.0, 0.0, 0.0, 0.0, 0.0, 0.0, 0.0, 0.0, 0.0, 0.0, 0.0, 0.0, 0.0, 0.0, 0.0, 2.0, 0.0, 0.0, 0.0, 0.0, 0.0, 0.0, 0.0, 1.0, 3.0, 0.0, 0.0, 2.0, 0.0, 1.0, 1.0, 0.0, 3.0, 1.0, 9.0, 76.0, 9958.0, 3.0, 5.0, 2.0, 2.0, 2.0, 1.0, 1.0, 1.0, 1.0, 1.0, 0.0, 0.0, 0.0, 1.0, 0.0, 1.0, 0.0, 0.0, 0.0, 0.0, 0.0, 0.0, 0.0, 0.0, 0.0, 0.0, 1.0], "bins": [-0.08524101227521896, -0.08287881314754486, -0.08051662147045135, -0.07815442234277725, -0.07579223066568375, -0.07343003153800964, -0.07106783986091614, -0.06870564073324203, -0.06634344905614853, -0.06398124992847443, -0.06161905825138092, -0.059256862848997116, -0.05689466744661331, -0.05453247204422951, -0.0521702766418457, -0.0498080775141716, -0.047445882111787796, -0.04508368670940399, -0.04272149130702019, -0.04035929590463638, -0.03799710050225258, -0.035634905099868774, -0.03327270597219467, -0.030910512432456017, -0.028548315167427063, -0.02618611976504326, -0.023823924362659454, -0.02146172896027565, -0.019099533557891846, -0.01673733815550804, -0.014375140890479088, -0.012012945488095284, -0.009650751948356628, -0.007288556545972824, -0.0049263606779277325, -0.002564164809882641, -0.00020196940749883652, 0.002160225994884968, 0.004522422328591347, 0.006884617730975151, 0.009246811270713806, 0.01160900667309761, 0.013971202075481415, 0.01633339747786522, 0.018695592880249023, 0.021057788282632828, 0.02341998554766178, 0.025782180950045586, 0.02814437821507454, 0.030506573617458344, 0.03286876901984215, 0.03523096442222595, 0.037593159824609756, 0.03995535522699356, 0.042317554354667664, 0.04467974603176117, 0.04704194515943527, 0.04940414056181908, 0.05176633596420288, 0.054128531366586685, 0.05649072676897049, 0.058852922171354294, 0.0612151175737381, 0.0635773167014122, 0.0659395083785057]}, "gradients/fc1.bias": {"_type": "histogram", "values": [1.0, 0.0, 0.0, 0.0, 0.0, 0.0, 0.0, 0.0, 0.0, 0.0, 0.0, 0.0, 0.0, 0.0, 0.0, 0.0, 0.0, 1.0, 0.0, 0.0, 1.0, 0.0, 1.0, 0.0, 0.0, 1.0, 1.0, 0.0, 1.0, 0.0, 0.0, 3.0, 99.0, 3.0, 2.0, 1.0, 0.0, 0.0, 0.0, 1.0, 1.0, 0.0, 0.0, 0.0, 0.0, 0.0, 0.0, 0.0, 0.0, 0.0, 0.0, 0.0, 0.0, 0.0, 0.0, 0.0, 0.0, 0.0, 1.0, 1.0, 0.0, 0.0, 0.0, 1.0],