{"loss": 0.14968864619731903, "_runtime": 52, "_timestamp": 1641467851, "_step": 69, "validation_accuracy": 0.9602000117301941, "gradients/fc3.bias": {"_type": "histogram", "values": [1.0, 0.0, 0.0, 0.0, 0.0, 1.0, 0.0, 0.0, 0.0, 0.0, 0.0, 0.0, 0.0, 0.0, 0.0, 0.0, 0.0, 0.0, 0.0, 0.0, 0.0, 0.0, 0.0, 0.0, 0.0, 0.0, 0.0, 1.0, 1.0, 0.0, 0.0, 3.0, 0.0, 0.0, 0.0, 0.0, 0.0, 1.0, 0.0, 0.0, 0.0, 0.0, 0.0, 1.0, 0.0, 0.0, 0.0, 0.0, 0.0, 0.0, 0.0, 0.0, 0.0, 0.0, 0.0, 0.0, 0.0, 0.0, 0.0, 0.0, 0.0, 0.0, 0.0, 1.0], "bins": [-0.003056757152080536, -0.002955328207463026, -0.00285389949567616, -0.00275247055105865, -0.002651041839271784, -0.002549612894654274, -0.002448183950036764, -0.002346755238249898, -0.0022453265264630318, -0.002143897581845522, -0.0020424688700586557, -0.001941039925441146, -0.0018396112136542797, -0.0017381822690367699, -0.0016367534408345819, -0.0015353246126323938, -0.001433895668014884, -0.001332466839812696, -0.001231038011610508, -0.0011296090669929981, -0.001028180355206132, -0.000926751468796283, -0.0008253225823864341, -0.0007238937541842461, -0.0006224648095667362, -0.0005210359813645482, -0.00041960712405852973, -0.00031817826675251126, -0.00021674943855032325, -0.00011532061034813523, -1.3891723938286304e-05, 8.753710426390171e-05, 0.00018896604888141155, 0.00029039487708359957, 0.00039182373438961804, 0.0004932525916956365, 0.0005946814198978245, 0.0006961102481000125, 0.0007975391345098615, 0.0008989679627120495, 0.0010003966744989157, 0.0011018255027011037, 0.0012032543309032917, 0.0013046832755208015, 0.0014061119873076677, 0.0015075409319251776, 0.0016089697601273656, 0.0017103985883295536, 0.0018118275329470634, 0.0019132563611492515, 0.0020146851893514395, 0.0021161141339689493, 0.0022175428457558155, 0.0023189717903733253, 0.002420400734990835, 0.0025218294467777014, 0.0026232581585645676, 0.0027246871031820774, 0.0028261158149689436, 0.0029275447595864534, 0.0030289734713733196, 0.0031304024159908295, 0.0032318313606083393, 0.0033332600723952055, 0.0034346890170127153]}, "gradients/fc3.weight": {"_type": "histogram", "values": [1.0, 0.0, 0.0, 1.0, 0.0, 0.0, 0.0, 0.0, 0.0, 1.0, 0.0, 0.0, 1.0, 0.0, 1.0, 0.0, 3.0, 2.0, 3.0, 4.0, 0.0, 1.0, 3.0, 3.0, 4.0, 5.0, 3.0, 5.0, 7.0, 6.0, 6.0, 3.0, 5.0, 13.0, 23.0, 72.0, 492.0, 55.0, 46.0, 8.0, 11.0, 10.0, 3.0, 1.0, 5.0, 2.0, 1.0, 5.0, 3.0, 4.0, 2.0, 2.0, 3.0, 2.0, 4.0, 1.0, 0.0, 0.0, 2.0, 0.0, 1.0, 0.0, 0.0, 1.0], "bins": [-0.02542106807231903, -0.02472008764743805, -0.024019107222557068, -0.023318126797676086, -0.022617148235440254, -0.021916167810559273, -0.02121518738567829, -0.02051420696079731, -0.019813228398561478, -0.019112247973680496, -0.018411267548799515, -0.017710287123918533, -0.0170093085616827, -0.01630832813680172, -0.015607347711920738, -0.014906367287039757, -0.014205386862158775, -0.013504406437277794, -0.012803426943719387, -0.012102446518838406, -0.011401467025279999, -0.010700486600399017, -0.009999506175518036, -0.009298525750637054, -0.008597545325756073, -0.007896564900875092, -0.007195585407316685, -0.006494604982435703, -0.005793625023216009, -0.005092645063996315, -0.0043916646391153336, -0.0036906846798956394, -0.00298970565199852, -0.0022887256927788258, -0.001587745500728488, -0.0008867653086781502, -0.00018578534945845604, 0.0005151946097612381, 0.0012161750346422195, 0.0019171549938619137, 0.002618134021759033, 0.0033191139809787273, 0.0040200939401984215, 0.004721074365079403, 0.005422054324299097, 0.006123034283518791, 0.006824014708399773, 0.007524994667619467, 0.008225975558161736, 0.008926955983042717, 0.009627935476601124, 0.010328915901482105, 0.011029895395040512, 0.011730875819921494, 0.012431856244802475, 0.013132836669683456, 0.013833816163241863, 0.014534796588122845, 0.015235776081681252, 0.015936756506562233, 0.016637736931443214, 0.017338715493679047, 0.018039695918560028, 0.01874067634344101, 0.01944165676832199]}, "gradients/fc2.bias": {"_type": "histogram", "values": [1.0, 0.0, 0.0, 2.0, 0.0, 0.0, 1.0, 0.0, 1.0, 0.0, 1.0, 0.0, 1.0, 0.0, 0.0, 1.0, 1.0, 0.0, 1.0, 0.0, 1.0, 2.0, 0.0, 2.0, 2.0, 1.0, 2.0, 2.0, 1.0, 2.0, 2.0, 2.0, 7.0, 12.0, 7.0, 3.0, 2.0, 6.0, 1.0, 1.0, 1.0, 0.0, 1.0, 4.0, 0.0, 1.0, 2.0, 1.0, 0.0, 0.0, 1.0, 0.0, 0.0, 0.0, 1.0, 0.0, 0.0, 0.0, 1.0, 0.0, 1.0, 0.0, 0.0, 2.0], "bins": [-0.002367784036323428, -0.0022968000266700983, -0.002225815784186125, -0.002154831774532795, -0.0020838475320488214, -0.0020128635223954916, -0.00194187939632684, -0.0018708952702581882, -0.0017999111441895366, -0.001728927018120885, -0.0016579428920522332, -0.0015869587659835815, -0.0015159747563302517, -0.0014449905138462782, -0.0013740065041929483, -0.0013030223781242967, -0.001232038252055645, -0.0011610541259869933, -0.0010900699999183416, -0.00101908587384969, -0.0009481018059886992, -0.0008771176799200475, -0.0008061336120590568, -0.0007351494859904051, -0.0006641653599217534, -0.0005931812338531017, -0.00052219710778445, -0.0004512130399234593, -0.0003802289138548076, -0.00030924478778615594, -0.00023826069082133472, -0.0001672765938565135, -9.629270061850548e-05, -2.530858910176903e-05, 4.567552241496742e-05, 0.00011665963393170387, 0.0001876437454484403, 0.000258627871517092, 0.0003296119684819132, 0.00040059606544673443, 0.0004715801915153861, 0.0005425643175840378, 0.0006135484436526895, 0.0006845325115136802, 0.0007555166375823319, 0.0008265007636509836, 0.0008974848315119743, 0.000968468957580626, 0.0010394530836492777, 0.0011104372097179294, 0.001181421335786581, 0.0012524054618552327, 0.0013233895879238844, 0.0013943735975772142, 0.001465357723645866, 0.0015363418497145176, 0.0016073259757831693, 0.001678310101851821, 0.0017492942279204726, 0.0018202783539891243, 0.0018912623636424541, 0.0019622466061264277, 0.0020332306157797575, 0.002104214858263731, 0.002175198867917061]}, "gradients/fc2.weight": {"_type": "histogram", "values": [1.0, 2.0, 2.0, 0.0, 4.0, 0.0, 4.0, 0.0, 1.0, 3.0, 4.0, 3.0, 6.0, 4.0, 5.0, 7.0, 15.0, 15.0, 21.0, 19.0, 16.0, 26.0, 41.0, 32.0, 74.0, 98.0, 120.0, 173.0, 270.0, 512.0, 1322.0, 5337.0, 804.0, 373.0, 222.0, 144.0, 100.0, 70.0, 44.0, 27.0, 30.0, 23.0, 17.0, 15.0, 15.0, 13.0, 9.0, 5.0, 4.0, 2.0, 7.0, 2.0, 3.0, 4.0, 0.0, 1.0, 3.0, 1.0, 0.0, 1.0, 2.0, 1.0, 0.0, 1.0], "bins": [-0.017504438757896423, -0.016945142298936844, -0.016385845839977264, -0.015826549381017685, -0.01526725385338068, -0.0147079573944211, -0.014148660935461521, -0.013589365407824516, -0.013030068948864937, -0.012470772489905357, -0.011911476030945778, -0.011352179571986198, -0.010792884044349194, -0.010233587585389614, -0.009674291126430035, -0.00911499559879303, -0.008555698208510876, -0.007996401749551296, -0.007437105756253004, -0.006877809297293425, -0.0063185133039951324, -0.005759216845035553, -0.0051999203860759735, -0.004640624392777681, -0.004081327468156815, -0.0035220312420278788, -0.002962735015898943, -0.0024034385569393635, -0.0018441423308104277, -0.0012848461046814919, -0.0007255496457219124, -0.00016625365242362022, 0.00039304234087467194, 0.0009523386252112687, 0.0015116349095478654, 0.002070931252092123, 0.002630227478221059, 0.0031895237043499947, 0.003748820163309574, 0.004308116156607866, 0.0048674121499061584, 0.005426708608865738, 0.00598600460216403, 0.0065453010611236095, 0.007104597054421902, 0.007663893513381481, 0.00822318997234106, 0.008782485499978065, 0.00934178289026022, 0.009901079349219799, 0.010460375808179379, 0.011019671335816383, 0.011578967794775963, 0.012138264253735542, 0.012697560712695122, 0.013256857171654701, 0.01381615363061428, 0.01437545008957386, 0.01493474654853344, 0.015494043007493019, 0.0160533394664526, 0.01661263406276703, 0.01717193052172661, 0.017731226980686188, 0.018290523439645767]}, "gradients/fc1.bias": {"_type": "histogram",