{"loss": 0.2228890061378479, "_runtime": 50, "_timestamp": 1641468451, "_step": 69, "validation_accuracy": 0.9703999757766724, "gradients/fc3.bias": {"_type": "histogram", "values": [1.0, 0.0, 0.0, 0.0, 0.0, 0.0, 0.0, 0.0, 0.0, 0.0, 0.0, 0.0, 0.0, 0.0, 0.0, 0.0, 0.0, 0.0, 0.0, 0.0, 0.0, 0.0, 0.0, 0.0, 0.0, 0.0, 0.0, 0.0, 0.0, 0.0, 0.0, 0.0, 0.0, 0.0, 1.0, 0.0, 0.0, 0.0, 0.0, 0.0, 2.0, 2.0, 1.0, 0.0, 0.0, 0.0, 1.0, 0.0, 0.0, 0.0, 0.0, 0.0, 0.0, 0.0, 0.0, 0.0, 0.0, 1.0, 0.0, 0.0, 0.0, 0.0, 0.0, 1.0], "bins": [-0.014610453508794308, -0.014252990484237671, -0.013895528391003609, -0.013538066297769547, -0.01318060327321291, -0.012823140248656273, -0.01246567815542221, -0.012108216062188148, -0.011750753037631512, -0.011393290013074875, -0.011035827919840813, -0.01067836582660675, -0.010320902802050114, -0.009963439777493477, -0.009605977684259415, -0.009248515591025352, -0.008891052566468716, -0.008533589541912079, -0.008176127448678017, -0.007818665355443954, -0.007461202330887318, -0.007103739771991968, -0.006746277213096619, -0.006388814654201269, -0.00603135209530592, -0.00567388953641057, -0.005316426977515221, -0.004958964418619871, -0.004601501859724522, -0.004244039300829172, -0.0038865767419338226, -0.003529114183038473, -0.003171650692820549, -0.0028141881339251995, -0.00245672557502985, -0.0020992630161345005, -0.001741800457239151, -0.0013843378983438015, -0.001026875339448452, -0.0006694127805531025, -0.000311950221657753, 4.551233723759651e-05, 0.000402974896132946, 0.0007604374550282955, 0.001117900013923645, 0.0014753625728189945, 0.001832825131714344, 0.0021902876906096935, 0.002547750249505043, 0.0029052128084003925, 0.003262675367295742, 0.0036201379261910915, 0.003977600485086441, 0.0043350630439817905, 0.00469252560287714, 0.0050499881617724895, 0.005407450720667839, 0.0057649132795631886, 0.006122375838458538, 0.0064798383973538876, 0.006837300956249237, 0.0071947635151445866, 0.007552226074039936, 0.007909689098596573, 0.008267151191830635]}, "gradients/fc3.weight": {"_type": "histogram", "values": [1.0, 0.0, 0.0, 0.0, 1.0, 1.0, 0.0, 0.0, 2.0, 1.0, 1.0, 1.0, 0.0, 1.0, 1.0, 0.0, 1.0, 0.0, 2.0, 2.0, 3.0, 4.0, 2.0, 5.0, 3.0, 3.0, 0.0, 0.0, 3.0, 2.0, 2.0, 2.0, 3.0, 3.0, 9.0, 15.0, 30.0, 481.0, 142.0, 28.0, 11.0, 8.0, 7.0, 7.0, 6.0, 4.0, 11.0, 4.0, 6.0, 0.0, 0.0, 5.0, 1.0, 4.0, 1.0, 1.0, 5.0, 0.0, 1.0, 1.0, 0.0, 0.0, 1.0, 1.0], "bins": [-0.10739252716302872, -0.10454913973808289, -0.10170574486255646, -0.09886235743761063, -0.0960189700126648, -0.09317557513713837, -0.09033218771219254, -0.0874888002872467, -0.08464540541172028, -0.08180201798677444, -0.07895862311124802, -0.07611523568630219, -0.07327184081077576, -0.07042845338582993, -0.0675850659608841, -0.06474167108535767, -0.061898283660411835, -0.059054892510175705, -0.056211501359939575, -0.053368113934993744, -0.050524722784757614, -0.047681331634521484, -0.04483794420957565, -0.04199455305933952, -0.039151161909103394, -0.036307770758867264, -0.033464379608631134, -0.030620992183685303, -0.027777601033449173, -0.024934209883213043, -0.022090820595622063, -0.019247431308031082, -0.016404032707214355, -0.0135606424883008, -0.010717252269387245, -0.00787386205047369, -0.005030471831560135, -0.0021870816126465797, 0.0006563086062669754, 0.003499697893857956, 0.006343089044094086, 0.00918647926300764, 0.012029869481921196, 0.014873259700834751, 0.017716649919748306, 0.020560041069984436, 0.023403430357575417, 0.026246819645166397, 0.029090210795402527, 0.03193360194563866, 0.034776993095874786, 0.03762038052082062, 0.04046377167105675, 0.04330716282129288, 0.04615055024623871, 0.04899394139647484, 0.05183733254671097, 0.0546807236969471, 0.05752411484718323, 0.06036750227212906, 0.06321088969707489, 0.06605428457260132, 0.06889767199754715, 0.07174105942249298, 0.07458445429801941]}, "gradients/fc2.bias": {"_type": "histogram", "values": [1.0, 0.0, 0.0, 0.0, 0.0, 0.0, 0.0, 1.0, 0.0, 1.0, 0.0, 2.0, 2.0, 0.0, 3.0, 1.0, 1.0, 0.0, 0.0, 0.0, 0.0, 1.0, 2.0, 0.0, 1.0, 2.0, 0.0, 2.0, 3.0, 1.0, 5.0, 4.0, 19.0, 4.0, 0.0, 4.0, 1.0, 2.0, 0.0, 4.0, 2.0, 1.0, 1.0, 2.0, 0.0, 1.0, 1.0, 1.0, 1.0, 0.0, 0.0, 1.0, 2.0, 0.0, 1.0, 1.0, 0.0, 0.0, 0.0, 0.0, 0.0, 0.0, 0.0, 2.0], "bins": [-0.003717300482094288, -0.0036030327901244164, -0.003488765098154545, -0.0033744974061846733, -0.0032602299470454454, -0.003145962255075574, -0.0030316945631057024, -0.002917426871135831, -0.002803159411996603, -0.0026888917200267315, -0.00257462402805686, -0.0024603563360869884, -0.0023460888769477606, -0.002231821184977889, -0.0021175534930080175, -0.002003285801038146, -0.0018890181090682745, -0.001774750417098403, -0.0016604828415438533, -0.0015462151495739818, -0.001431947574019432, -0.0013176798820495605, -0.001203412190079689, -0.0010891444981098175, -0.000974876806139946, -0.0008606091723777354, -0.0007463415386155248, -0.0006320738466456532, -0.0005178062128834426, -0.00040353857912123203, -0.0002892708871513605, -0.0001750032533891499, -6.073550321161747e-05, 5.3532145102508366e-05, 0.0001677997934166342, 0.00028206745628267527, 0.0003963350900448859, 0.0005106027238070965, 0.000624870415776968, 0.0007391380495391786, 0.0008534055668860674, 0.000967673200648278, 0.0010819408344104886, 0.0011962085263803601, 0.0013104761019349098, 0.0014247437939047813, 0.0015390114858746529, 0.0016532791778445244, 0.001767546869814396, 0.0018818145617842674, 0.001996082253754139, 0.0021103499457240105, 0.0022246174048632383, 0.00233888509683311, 0.0024531527888029814, 0.002567420480772853, 0.0026816879399120808, 0.0027959556318819523, 0.002910223323851824, 0.0030244910158216953, 0.003138758474960923, 0.0032530261669307947, 0.0033672938589006662, 0.0034815615508705378, 0.0035958292428404093]}, "gradients/fc2.weight": {"_type": "histogram", "values": [1.0, 0.0, 1.0, 0.0, 2.0, 1.0, 1.0, 2.0, 2.0, 7.0, 5.0, 6.0, 11.0, 12.0, 18.0, 15.0, 46.0, 34.0, 56.0, 67.0, 72.0, 100.0, 101.0, 145.0, 246.0, 556.0, 6557.0, 795.0, 381.0, 221.0, 132.0, 102.0, 77.0, 81.0, 37.0, 43.0, 36.0, 18.0, 27.0, 12.0, 11.0, 5.0, 16.0, 2.0, 3.0, 3.0, 3.0, 1.0, 1.0, 0.0, 3.0, 2.0, 2.0, 0.0, 0.0, 0.0, 0.0, 0.0, 1.0, 0.0, 0.0, 0.0, 0.0, 1.0], "bins": [-0.030753880739212036, -0.029603542760014534, -0.028453204780817032, -0.02730286680161953, -0.026152528822422028, -0.025002190843224525, -0.023851852864027023, -0.022701513022184372, -0.02155117690563202, -0.020400838926434517, -0.019250500947237015, -0.018100162968039513, -0.01694982498884201, -0.01579948700964451, -0.014649148099124432, -0.01349881011992693, -0.012348471209406853, -0.01119813323020935, -0.010047795251011848, -0.008897457271814346, -0.007747118826955557, -0.006596780847758055, -0.005446442402899265, -0.004296104423701763, -0.0031457655131816864, -0.0019954275339841843, -0.0008450893219560385, 0.0003052488900721073, 0.0014555868692696095, 0.0026059248484671116, 0.003756263293325901, 0.004906601272523403, 0.006056938320398331, 0.007207276299595833, 0.008357614278793335, 0.009507952257990837, 0.01065829023718834, 0.011808628216385841, 0.012958967126905918, 0.01410930510610342, 0.015259642153978348, 0.01640998013317585, 0.017560318112373352, 0.018710656091570854, 0.019860994070768356, 0.02101133204996586, 0.02216167002916336, 0.023312009871006012, 0.024462347850203514, 0.025612685829401016, 0.02676302380859852, 0.02791336178779602, 0.029063699766993523, 0.030214037746191025, 0.031364377588033676, 0.03251471370458603, 0.03366505354642868, 0.03481539338827133, 0.035965729504823685, 0.037116069346666336, 0.03826640546321869, 0.03941674530506134, 0.04056708142161369, 0.041717421263456345, 0.0428677573800087]}, "gradients/fc1.bias": {"_type": "histogram", "values": [1.0, 0.0, 0.0, 0.0, 0.0, 0.0, 0.0, 0.0, 0.0, 0.0, 0.0, 1.0, 0.0, 0.0, 0.0, 1.0, 0.0, 0.0, 1.0, 3.0, 0.0, 0.0, 1.0, 1.0, 1.0, 0.0, 2.0, 3.0, 2.0, 3.0, 2.0, 1.0, 2.0, 2.0, 4.0, 5.0, 2.0, 13.0, 32.0, 7.0, 2.0, 3.0, 3.0, 0.0, 4.0, 0.0, 3.0, 4.0, 0.0, 1.0, 3.0, 1.0, 1.0, 0.0, 1.0, 2.0, 0.0, 0.0, 0.0, 0.0, 1.0, 0.0, 0.0, 1.0],