{"loss": 2.3100016117095947, "_runtime": 52, "_timestamp": 1641468699, "_step": 57, "validation_accuracy": 0.10599999874830246, "gradients/fc3.bias": {"_type": "histogram", "values": [1.0, 0.0, 0.0, 0.0, 1.0, 1.0, 0.0, 0.0, 0.0, 0.0, 1.0, 0.0, 0.0, 0.0, 0.0, 0.0, 0.0, 0.0, 0.0, 0.0, 0.0, 0.0, 0.0, 0.0, 0.0, 0.0, 0.0, 0.0, 0.0, 0.0, 0.0, 0.0, 0.0, 0.0, 0.0, 1.0, 0.0, 0.0, 0.0, 0.0, 1.0, 0.0, 0.0, 0.0, 1.0, 0.0, 0.0, 0.0, 0.0, 0.0, 0.0, 0.0, 1.0, 0.0, 0.0, 0.0, 0.0, 0.0, 0.0, 0.0, 0.0, 1.0, 0.0, 1.0], "bins": [-0.036681026220321655, -0.03553403913974762, -0.034387048333883286, -0.03324006125330925, -0.032093070447444916, -0.03094608336687088, -0.029799094423651695, -0.02865210548043251, -0.027505116537213326, -0.02635812759399414, -0.025211138650774956, -0.02406414970755577, -0.022917162626981735, -0.0217701718211174, -0.020623184740543365, -0.01947619579732418, -0.018329206854104996, -0.01718221791088581, -0.016035228967666626, -0.014888240955770016, -0.01374125201255083, -0.012594263069331646, -0.011447275057435036, -0.01030028611421585, -0.009153297170996666, -0.008006308227777481, -0.0068593197502195835, -0.005712331272661686, -0.004565342329442501, -0.003418353386223316, -0.0022713649086654186, -0.001124376431107521, 2.261251211166382e-05, 0.001169601222500205, 0.0023165899328887463, 0.0034635786432772875, 0.004610567353665829, 0.005757556296885014, 0.006904544774442911, 0.008051533252000809, 0.009198522195219994, 0.010345511138439178, 0.011492500081658363, 0.012639488093554974, 0.013786477036774158, 0.014933465979993343, 0.016080453991889954, 0.01722744293510914, 0.018374431878328323, 0.019521420821547508, 0.020668409764766693, 0.021815398707985878, 0.022962387651205063, 0.0241093747317791, 0.025256363674998283, 0.026403352618217468, 0.027550341561436653, 0.028697330504655838, 0.029844319447875023, 0.030991308391094208, 0.03213829547166824, 0.03328528627753258, 0.03443227335810661, 0.03557926416397095, 0.03672625124454498]}, "gradients/fc3.weight": {"_type": "histogram", "values": [1.0, 0.0, 0.0, 2.0, 1.0, 0.0, 2.0, 1.0, 0.0, 1.0, 1.0, 3.0, 6.0, 2.0, 1.0, 2.0, 3.0, 4.0, 3.0, 5.0, 6.0, 8.0, 3.0, 7.0, 7.0, 9.0, 8.0, 13.0, 10.0, 13.0, 19.0, 21.0, 22.0, 36.0, 35.0, 275.0, 59.0, 37.0, 35.0, 18.0, 17.0, 14.0, 13.0, 9.0, 15.0, 13.0, 20.0, 9.0, 7.0, 10.0, 9.0, 2.0, 4.0, 4.0, 1.0, 3.0, 3.0, 0.0, 3.0, 0.0, 1.0, 1.0, 2.0, 1.0], "bins": [-0.006475747097283602, -0.006294296123087406, -0.0061128451488912106, -0.005931394174695015, -0.005749943200498819, -0.005568492226302624, -0.0053870417177677155, -0.0052055902779102325, -0.005024139769375324, -0.004842688795179129, -0.004661237820982933, -0.0044797868467867374, -0.004298335872590542, -0.004116884898394346, -0.003935433924198151, -0.0037539831828325987, -0.0035725319758057594, -0.003391081001609564, -0.0032096300274133682, -0.0030281790532171726, -0.002846728079020977, -0.0026652771048247814, -0.0024838263634592295, -0.002302375389263034, -0.002120924647897482, -0.0019394736737012863, -0.0017580226995050907, -0.001576571841724217, -0.0013951208675280213, -0.0012136698933318257, -0.001032219035550952, -0.0008507680613547564, -0.0006693168543279171, -0.00048786590923555195, -0.0003064149641431868, -0.00012496404815465212, 5.6486926041543484e-05, 0.00023793790023773909, 0.00041938875801861286, 0.0006008397322148085, 0.0007822909392416477, 0.0009637419134378433, 0.001145192887634039, 0.0013266437454149127, 0.0015080947196111083, 0.001689545693807304, 0.0018709965515881777, 0.0020524475257843733, 0.0022338982671499252, 0.002415349241346121, 0.0025968002155423164, 0.002778251189738512, 0.0029597021639347076, 0.0031411531381309032, 0.003322603879496455, 0.003504054853692651, 0.0036855058278888464, 0.003866956802085042, 0.004048407543450594, 0.0042298585176467896, 0.004411309491842985, 0.004592760466039181, 0.004774211440235376, 0.004955662414431572, 0.0051371133886277676]}, "gradients/fc2.bias": {"_type": "histogram", "values": [1.0, 0.0, 1.0, 0.0, 1.0, 1.0, 3.0, 0.0, 1.0, 3.0, 1.0, 0.0, 0.0, 1.0, 2.0, 1.0, 2.0, 2.0, 2.0, 4.0, 1.0, 1.0, 2.0, 3.0, 1.0, 22.0, 2.0, 4.0, 0.0, 1.0, 1.0, 1.0, 0.0, 2.0, 0.0, 2.0, 1.0, 4.0, 0.0, 2.0, 1.0, 0.0, 0.0, 1.0, 2.0, 2.0, 0.0, 0.0, 0.0, 0.0, 0.0, 0.0, 0.0, 0.0, 0.0, 0.0, 1.0, 0.0, 0.0, 0.0, 0.0, 0.0, 0.0, 1.0], "bins": [-0.007949933409690857, -0.00763358362019062, -0.007317233365029097, -0.00700088357552886, -0.006684533320367336, -0.0063681835308671, -0.006051833741366863, -0.005735483951866627, -0.005419133696705103, -0.005102783907204866, -0.004786433652043343, -0.004470083862543106, -0.00415373407304287, -0.0038373838178813457, -0.0035210340283811092, -0.003204684006050229, -0.002888333983719349, -0.0025719839613884687, -0.0022556339390575886, -0.001939284149557352, -0.001622934127226472, -0.0013065841048955917, -0.0009902341989800334, -0.0006738842930644751, -0.0003575342707335949, -4.118430661037564e-05, 0.0002751656575128436, 0.0005915156216360629, 0.0009078655857592821, 0.0012242156080901623, 0.0015405655140057206, 0.001856915419921279, 0.002173265442252159, 0.0024896154645830393, 0.0028059654869139194, 0.003122315276414156, 0.003438665298745036, 0.0037550153210759163, 0.004071365110576153, 0.004387714900076389, 0.004704065155237913, 0.00502041494473815, 0.0053367651998996735, 0.00565311498939991, 0.0059694647789001465, 0.00628581503406167, 0.006602164823561907, 0.006918515078723431, 0.007234864868223667, 0.007551214657723904, 0.00786756444722414, 0.008183915168046951, 0.008500264957547188, 0.008816614747047424, 0.00913296453654766, 0.009449314326047897, 0.009765664115548134, 0.01008201390504837, 0.010398363694548607, 0.010714714415371418, 0.011031064204871655, 0.011347413994371891, 0.011663763783872128, 0.011980113573372364, 0.012296464294195175]}, "gradients/fc2.weight": {"_type": "histogram", "values": [1.0, 0.0, 0.0, 0.0, 0.0, 1.0, 1.0, 1.0, 2.0, 1.0, 3.0, 5.0, 6.0, 4.0, 9.0, 11.0, 13.0, 11.0, 25.0, 35.0, 40.0, 55.0, 54.0, 82.0, 115.0, 152.0, 203.0, 254.0, 359.0, 536.0, 1029.0, 5013.0, 624.0, 373.0, 271.0, 174.0, 135.0, 98.0, 99.0, 76.0, 48.0, 34.0, 27.0, 15.0, 19.0, 11.0, 9.0, 7.0, 10.0, 3.0, 2.0, 5.0, 0.0, 3.0, 1.0, 3.0, 5.0, 1.0, 1.0, 1.0, 1.0, 1.0, 1.0, 1.0], "bins": [-0.003225201042369008, -0.0031214607879519463, -0.003017720766365528, -0.0029139805119484663, -0.002810240490362048, -0.0027065002359449863, -0.002602760214358568, -0.0024990199599415064, -0.0023952799383550882, -0.0022915396839380264, -0.0021877996623516083, -0.0020840594079345465, -0.0019803193863481283, -0.0018765791319310665, -0.0017728391103446484, -0.0016690988559275866, -0.0015653587179258466, -0.0014616185799241066, -0.0013578784419223666, -0.0012541383039206266, -0.0011503981659188867, -0.0010466580279171467, -0.0009429178317077458, -0.0008391776937060058, -0.0007354374974966049, -0.0006316973594948649, -0.000527957221493125, -0.0004242170543875545, -0.00032047691638581455, -0.0002167367492802441, -0.00011299661127850413, -9.256473276764154e-06, 9.448360651731491e-05, 0.0001982237445190549, 0.00030196388252079487, 0.0004057040496263653, 0.0005094441585242748, 0.0006131843547336757, 0.0007169244927354157, 0.0008206646307371557, 0.0009244047105312347, 0.0010281448485329747, 0.0011318849865347147, 0.0012356251245364547, 0.0013393652625381947, 0.0014431055169552565, 0.0015468455385416746, 0.0016505857929587364, 0.0017543259309604764, 0.0018580660689622164, 0.001961806323379278, 0.0020655463449656963, 0.002169286599382758, 0.0022730266209691763, 0.002376766875386238, 0.0024805068969726562, 0.002584247151389718, 0.00268798740580678, 0.002791727427393198, 0.00289546768181026, 0.002999207703396678, 0.0031029479578137398, 0.003206687979400158, 0.0033104282338172197, 0.003414168255403638]}, "gradients/fc1.bias": {"_type": "histogram",