{"loss": 0.16529998183250427, "_runtime": 80, "_timestamp": 1641468037, "_step": 69, "validation_accuracy": 0.9563999772071838, "gradients/fc3.bias": {"_type": "histogram", "values": [1.0, 0.0, 0.0, 0.0, 0.0, 0.0, 0.0, 0.0, 0.0, 0.0, 0.0, 0.0, 0.0, 0.0, 0.0, 0.0, 0.0, 0.0, 0.0, 0.0, 0.0, 0.0, 0.0, 0.0, 1.0, 0.0, 0.0, 0.0, 0.0, 0.0, 0.0, 0.0, 0.0, 1.0, 3.0, 1.0, 0.0, 0.0, 0.0, 0.0, 0.0, 2.0, 0.0, 0.0, 0.0, 0.0, 0.0, 0.0, 0.0, 0.0, 0.0, 0.0, 0.0, 0.0, 0.0, 0.0, 0.0, 0.0, 0.0, 0.0, 0.0, 0.0, 0.0, 1.0], "bins": [-0.005496558733284473, -0.005336432717740536, -0.005176306702196598, -0.00501618068665266, -0.004856054671108723, -0.004695928189903498, -0.00453580217435956, -0.004375676158815622, -0.004215550143271685, -0.004055424127727747, -0.0038952981121838093, -0.003735171863809228, -0.0035750458482652903, -0.0034149198327213526, -0.0032547935843467712, -0.0030946675688028336, -0.002934541553258896, -0.002774415537714958, -0.0026142895221710205, -0.002454163273796439, -0.0022940372582525015, -0.002133911242708564, -0.0019737849943339825, -0.0018136589787900448, -0.001653532963246107, -0.0014934069477021694, -0.00133328081574291, -0.0011731546837836504, -0.0010130286682397127, -0.0008529025944881141, -0.0006927765207365155, -0.000532650388777256, -0.00037252437323331833, -0.00021239829948171973, -5.2272225730121136e-05, 0.00010785384802147746, 0.00026797992177307606, 0.00042810599552467465, 0.0005882320692762733, 0.0007483582012355328, 0.0009084842167794704, 0.0010686102323234081, 0.0012287363642826676, 0.0013888624962419271, 0.0015489885117858648, 0.0017091145273298025, 0.001869240659289062, 0.0020293667912483215, 0.002189492806792259, 0.002349618822336197, 0.0025097448378801346, 0.002669871086254716, 0.0028299971017986536, 0.0029901231173425913, 0.0031502493657171726, 0.0033103753812611103, 0.003470501396805048, 0.0036306274123489857, 0.0037907534278929234, 0.003950879443436861, 0.004111005924642086, 0.004271131940186024, 0.004431257955729961, 0.004591383971273899, 0.004751509986817837]}, "gradients/fc3.weight": {"_type": "histogram", "values": [1.0, 0.0, 0.0, 0.0, 0.0, 1.0, 0.0, 1.0, 0.0, 0.0, 1.0, 0.0, 2.0, 0.0, 0.0, 2.0, 1.0, 0.0, 2.0, 1.0, 1.0, 1.0, 3.0, 4.0, 3.0, 6.0, 0.0, 4.0, 5.0, 5.0, 1.0, 5.0, 10.0, 11.0, 5.0, 18.0, 105.0, 500.0, 38.0, 35.0, 16.0, 6.0, 4.0, 7.0, 1.0, 3.0, 4.0, 0.0, 5.0, 3.0, 3.0, 1.0, 1.0, 2.0, 2.0, 2.0, 3.0, 1.0, 1.0, 1.0, 0.0, 0.0, 1.0, 1.0], "bins": [-0.03232653811573982, -0.03145604953169823, -0.03058556094765663, -0.029715072363615036, -0.02884458564221859, -0.027974097058176994, -0.0271036084741354, -0.026233119890093803, -0.025362633168697357, -0.02449214458465576, -0.023621656000614166, -0.02275116741657257, -0.021880680695176125, -0.02101019211113453, -0.020139703527092934, -0.019269214943051338, -0.018398726359009743, -0.017528237774968147, -0.016657749190926552, -0.015787262469530106, -0.01491677388548851, -0.014046285301446915, -0.01317579671740532, -0.012305308133363724, -0.011434819549322128, -0.010564330965280533, -0.009693843312561512, -0.008823354728519917, -0.007952867075800896, -0.0070823784917593, -0.006211889907717705, -0.005341401789337397, -0.004470914602279663, -0.003600426483899355, -0.002729938132688403, -0.0018594497814774513, -0.0009889616630971432, -0.00011847354471683502, 0.0007520150393247604, 0.0016225031577050686, 0.002492990344762802, 0.0033634784631431103, 0.004233966581523418, 0.005104455165565014, 0.005974943283945322, 0.00684543140232563, 0.007715919986367226, 0.008586408570408821, 0.009456897154450417, 0.010327385738492012, 0.011197873391211033, 0.012068361975252628, 0.01293884962797165, 0.013809338212013245, 0.01467982679605484, 0.015550315380096436, 0.01642080396413803, 0.017291292548179626, 0.018161781132221222, 0.019032269716262817, 0.019902756437659264, 0.02077324502170086, 0.021643733605742455, 0.02251422218978405, 0.023384708911180496]}, "gradients/fc2.bias": {"_type": "histogram", "values": [1.0, 0.0, 0.0, 0.0, 0.0, 2.0, 0.0, 0.0, 0.0, 0.0, 1.0, 0.0, 0.0, 1.0, 1.0, 0.0, 1.0, 0.0, 1.0, 0.0, 0.0, 0.0, 2.0, 0.0, 3.0, 0.0, 1.0, 3.0, 4.0, 3.0, 0.0, 3.0, 8.0, 13.0, 6.0, 2.0, 7.0, 2.0, 1.0, 2.0, 4.0, 1.0, 2.0, 1.0, 0.0, 1.0, 0.0, 0.0, 0.0, 1.0, 0.0, 0.0, 1.0, 1.0, 0.0, 0.0, 1.0, 0.0, 0.0, 1.0, 0.0, 0.0, 0.0, 2.0], "bins": [-0.003163994988426566, -0.003070882288739085, -0.0029777693562209606, -0.0028846566565334797, -0.0027915439568459988, -0.002698431257158518, -0.0026053183246403933, -0.0025122056249529123, -0.0024190929252654314, -0.0023259802255779505, -0.002232867293059826, -0.002139754593372345, -0.002046641893684864, -0.001953529193997383, -0.0018604162614792585, -0.0017673035617917776, -0.0016741907456889749, -0.001581077929586172, -0.0014879652298986912, -0.0013948524137958884, -0.0013017397141084075, -0.0012086268980056047, -0.0011155141983181238, -0.001022401382215321, -0.0009292885661125183, -0.0008361758082173765, -0.0007430630503222346, -0.0006499502342194319, -0.000556837534531951, -0.00046372474753297865, -0.00037061196053400636, -0.0002774992026388645, -0.0001843865029513836, -9.127373778028414e-05, 1.8390273908153176e-06, 9.495179983787239e-05, 0.00018806455773301423, 0.00028117731562815607, 0.00037429010262712836, 0.0004674028605222702, 0.0005605155602097511, 0.000653628318104893, 0.0007467410760000348, 0.0008398538921028376, 0.0009329665917903185, 0.0010260794078931212, 0.001119192223995924, 0.001212304923683405, 0.0013054177397862077, 0.0013985305558890104, 0.0014916432555764914, 0.0015847560716792941, 0.001677868771366775, 0.0017709815874695778, 0.0018640942871570587, 0.0019572069868445396, 0.0020503199193626642, 0.002143432619050145, 0.0022365455515682697, 0.0023296582512557507, 0.0024227709509432316, 0.0025158836506307125, 0.002608996583148837, 0.002702109282836318, 0.002795221982523799]}, "gradients/fc2.weight": {"_type": "histogram", "values": [1.0, 0.0, 0.0, 0.0, 3.0, 1.0, 2.0, 2.0, 0.0, 2.0, 4.0, 1.0, 2.0, 2.0, 9.0, 5.0, 8.0, 10.0, 9.0, 16.0, 19.0, 24.0, 19.0, 25.0, 31.0, 51.0, 49.0, 68.0, 132.0, 177.0, 309.0, 681.0, 5810.0, 1389.0, 495.0, 217.0, 120.0, 79.0, 55.0, 45.0, 41.0, 23.0, 22.0, 23.0, 19.0, 16.0, 15.0, 7.0, 5.0, 10.0, 5.0, 4.0, 3.0, 2.0, 4.0, 1.0, 2.0, 0.0, 2.0, 2.0, 0.0, 1.0, 0.0, 1.0], "bins": [-0.022615130990743637, -0.021925829350948334, -0.02123652771115303, -0.020547226071357727, -0.019857924431562424, -0.01916862279176712, -0.018479321151971817, -0.017790019512176514, -0.01710071787238121, -0.016411416232585907, -0.015722114592790604, -0.0150328129529953, -0.014343511313199997, -0.013654209673404694, -0.012964907102286816, -0.012275605462491512, -0.011586302891373634, -0.010897001251578331, -0.010207699611783028, -0.009518397971987724, -0.008829096332192421, -0.008139794692397118, -0.00745049212127924, -0.006761190481483936, -0.006071887910366058, -0.005382586270570755, -0.004693284630775452, -0.004003982525318861, -0.0033146808855235577, -0.0026253792457282543, -0.0019360771402716637, -0.0012467755004763603, -0.0005574766546487808, 0.00013182510156184435, 0.0008211268577724695, 0.0015104287303984165, 0.00219973037019372, 0.002889032009989023, 0.003578334115445614, 0.004267635755240917, 0.004956936463713646, 0.005646238103508949, 0.006335539743304253, 0.007024841848760843, 0.007714143488556147, 0.008403444662690163, 0.00909274723380804, 0.009782048873603344, 0.010471351444721222, 0.011160653084516525, 0.011849954724311829, 0.012539256364107132, 0.013228558003902435, 0.013917859643697739, 0.014607162214815617, 0.01529646385461092, 0.01598576456308365, 0.016675066202878952, 0.017364367842674255, 0.01805366948246956, 0.018742971122264862, 0.019432272762060165, 0.02012157440185547, 0.020810876041650772, 0.021500179544091225]}, "gradients/fc1.bias": {"_type": "histogram",